{
  "overall_drift_score": 1.0,
  "feature_drifts": {
    "Global_active_power_rolling_std_24h": {
      "ks_statistic": 0.39378184429729074,
      "ks_pvalue": 1.4106235866655252e-65,
      "mw_statistic": 285938.0,
      "mw_pvalue": 4.107190763002243e-40,
      "mean_difference": 0.43304400444692553,
      "drift_detected": true
    },
    "day_of_week": {
      "ks_statistic": 0.03936506500336468,
      "ks_pvalue": 0.4450139444259188,
      "mw_statistic": 455940.0,
      "mw_pvalue": 0.23488406267884332,
      "mean_difference": 0.05501660831293204,
      "drift_detected": false
    },
    "is_work_hours": {
      "ks_statistic": 0.0008912162047535301,
      "ks_pvalue": 1.0,
      "mw_statistic": 441698.5,
      "mw_pvalue": 0.9682583106584187,
      "mean_difference": 0.0018381241368652973,
      "drift_detected": false
    },
    "is_weekend": {
      "ks_statistic": 0.029593354331955417,
      "ks_pvalue": 0.7894270061027119,
      "mw_statistic": 455175.5,
      "mw_pvalue": 0.1628560330228035,
      "mean_difference": 0.06349855948308818,
      "drift_detected": false
    },
    "Global_active_power_lag_2h": {
      "ks_statistic": 0.18960511657628212,
      "ks_pvalue": 2.985192278104623e-15,
      "mw_statistic": 336657.0,
      "mw_pvalue": 3.5180721101569045e-19,
      "mean_difference": 0.443406446808083,
      "drift_detected": true
    },
    "Global_active_power_rolling_mean_168h": {
      "ks_statistic": 0.9155459547492889,
      "ks_pvalue": 0.0,
      "mw_statistic": 49489.0,
      "mw_pvalue": 1.3762547001486526e-243,
      "mean_difference": 7.982905052196762,
      "drift_detected": true
    },
    "hour_cos": {
      "ks_statistic": 0.0030841961806635488,
      "ks_pvalue": 1.0,
      "mw_statistic": 443047.5,
      "mw_pvalue": 0.9353306382644295,
      "mean_difference": 0.0028658448988987642,
      "drift_detected": false
    },
    "hour_sin": {
      "ks_statistic": 0.0064737583198086375,
      "ks_pvalue": 1.0,
      "mw_statistic": 445250.0,
      "mw_pvalue": 0.7883687997900976,
      "mean_difference": 0.012631105664357526,
      "drift_detected": false
    },
    "Global_active_power_lag_1h": {
      "ks_statistic": 0.19071008895197272,
      "ks_pvalue": 1.99997595025362e-15,
      "mw_statistic": 336428.0,
      "mw_pvalue": 2.9493415544078924e-19,
      "mean_difference": 0.4440443140407575,
      "drift_detected": true
    },
    "Global_reactive_power": {
      "ks_statistic": 0.006614000463703863,
      "ks_pvalue": 1.0,
      "mw_statistic": 444007.5,
      "mw_pvalue": 0.8708838191245692,
      "mean_difference": 0.007543637497728812,
      "drift_detected": false
    },
    "hour": {
      "ks_statistic": 0.006545010376787663,
      "ks_pvalue": 1.0,
      "mw_statistic": 438056.0,
      "mw_pvalue": 0.7316410896114676,
      "mean_difference": 0.01581025016455582,
      "drift_detected": false
    },
    "Sub_metering_2": {
      "ks_statistic": 0.005855109507625666,
      "ks_pvalue": 1.0,
      "mw_statistic": 444751.5,
      "mw_pvalue": 0.8214350919718743,
      "mean_difference": 0.010299046185013778,
      "drift_detected": false
    },
    "Sub_metering_1": {
      "ks_statistic": 0.016105226847322674,
      "ks_pvalue": 0.9995090783944407,
      "mw_statistic": 437654.5,
      "mw_pvalue": 0.7063728289134514,
      "mean_difference": 0.018265865837214176,
      "drift_detected": false
    },
    "day_cos": {
      "ks_statistic": 0.013869269440218959,
      "ks_pvalue": 0.9999772856444671,
      "mw_statistic": 438901.0,
      "mw_pvalue": 0.7842833263862214,
      "mean_difference": 0.007108244349937472,
      "drift_detected": false
    },
    "month": {
      "ks_statistic": 1.0,
      "ks_pvalue": 0.0,
      "mw_statistic": 0.0,
      "mw_pvalue": 0.0,
      "mean_difference": 19.380424255188526,
      "drift_detected": true
    },
    "Global_active_power_rolling_std_168h": {
      "ks_statistic": 0.9600818833162743,
      "ks_pvalue": 0.0,
      "mw_statistic": 26191.0,
      "mw_pvalue": 4.291975323058446e-273,
      "mean_difference": 4.961451164333571,
      "drift_detected": true
    },
    "Global_active_power_lag_24h": {
      "ks_statistic": 0.18551095076256666,
      "ks_pvalue": 1.289704211907331e-14,
      "mw_statistic": 340090.0,
      "mw_pvalue": 4.730296357619004e-18,
      "mean_difference": 0.430723139891938,
      "drift_detected": true
    },
    "Voltage": {
      "ks_statistic": 0.006524652646222227,
      "ks_pvalue": 1.0,
      "mw_statistic": 442743.5,
      "mw_pvalue": 0.9559586403562323,
      "mean_difference": 0.00497543652190876,
      "drift_detected": false
    },
    "quarter": {
      "ks_statistic": 1.0,
      "ks_pvalue": 0.0,
      "mw_statistic": 0.0,
      "mw_pvalue": 0.0,
      "mean_difference": 0.0,
      "drift_detected": true
    },
    "day_sin": {
      "ks_statistic": 0.04335631117922154,
      "ks_pvalue": 0.3273976250525474,
      "mw_statistic": 420174.0,
      "mw_pvalue": 0.060074560123227004,
      "mean_difference": 0.0884544122194402,
      "drift_detected": false
    },
    "Global_active_power_rolling_mean_24h": {
      "ks_statistic": 0.6231738832936546,
      "ks_pvalue": 2.264803006185759e-171,
      "mw_statistic": 216709.0,
      "mw_pvalue": 1.3055196490449757e-81,
      "mean_difference": 0.792356643141443,
      "drift_detected": true
    },
    "is_night": {
      "ks_statistic": 0.0051686015935579095,
      "ks_pvalue": 1.0,
      "mw_statistic": 444377.5,
      "mw_pvalue": 0.8168918370803673,
      "mean_difference": 0.010666400330405572,
      "drift_detected": false
    },
    "year": {
      "ks_statistic": 1.0,
      "ks_pvalue": 0.0,
      "mw_statistic": 0.0,
      "mw_pvalue": 0.0,
      "mean_difference": 0.0,
      "drift_detected": true
    },
    "Global_intensity": {
      "ks_statistic": 0.15151467170332,
      "ks_pvalue": 6.950293552579224e-10,
      "mw_statistic": 356554.0,
      "mw_pvalue": 3.8156204523524814e-13,
      "mean_difference": 0.3755206778270529,
      "drift_detected": true
    },
    "Sub_metering_3": {
      "ks_statistic": 0.007289198527457489,
      "ks_pvalue": 1.0,
      "mw_statistic": 441101.5,
      "mw_pvalue": 0.9329842293983822,
      "mean_difference": 0.003905448613836378,
      "drift_detected": false
    },
    "Global_active_power_lag_3h": {
      "ks_statistic": 0.190628658029711,
      "ks_pvalue": 2.0600480200603104e-15,
      "mw_statistic": 336449.0,
      "mw_pvalue": 2.9974670406495775e-19,
      "mean_difference": 0.44395082509392786,
      "drift_detected": true
    },
    "target": {
      "ks_statistic": 0.17634544806799482,
      "ks_pvalue": 3.033048026098701e-13,
      "mw_statistic": 344162.0,
      "mw_pvalue": 9.253473868104348e-17,
      "mean_difference": 0.41213047815029735,
      "drift_detected": true
    }
  },
  "drift_detected_features": 13,
  "total_features": 27
}