{
  "overall_drift_score": 1.0,
  "feature_drifts": {
    "Global_active_power_lag_24h": {
      "ks_statistic": 0.17407780526922365,
      "ks_pvalue": 1.423839658991376e-17,
      "mw_statistic": 727229.0,
      "mw_pvalue": 6.769379230191402e-22,
      "mean_difference": 0.4112552620226399,
      "drift_detected": true
    },
    "hour_sin": {
      "ks_statistic": 0.0024769165880876966,
      "ks_pvalue": 1.0,
      "mw_statistic": 932770.0,
      "mw_pvalue": 0.9178768556439934,
      "mean_difference": 0.004547818745579076,
      "drift_detected": false
    },
    "Global_active_power_lag_2h": {
      "ks_statistic": 0.17773998823330298,
      "ks_pvalue": 2.65145523995046e-18,
      "mw_statistic": 718670.0,
      "mw_pvalue": 1.2214614639815792e-23,
      "mean_difference": 0.4271138100011756,
      "drift_detected": true
    },
    "month": {
      "ks_statistic": 1.0,
      "ks_pvalue": 0.0,
      "mw_statistic": 0.0,
      "mw_pvalue": 0.0,
      "mean_difference": 9.833411214498591,
      "drift_detected": true
    },
    "Global_active_power_rolling_std_168h": {
      "ks_statistic": 0.9793975343665461,
      "ks_pvalue": 0.0,
      "mw_statistic": 9714.0,
      "mw_pvalue": 0.0,
      "mean_difference": 5.542620803322303,
      "drift_detected": true
    },
    "year": {
      "ks_statistic": 1.0,
      "ks_pvalue": 0.0,
      "mw_statistic": 0.0,
      "mw_pvalue": 0.0,
      "mean_difference": 0.0,
      "drift_detected": true
    },
    "Global_intensity": {
      "ks_statistic": 0.15113113419676175,
      "ks_pvalue": 2.438312121437226e-13,
      "mw_statistic": 752611.0,
      "mw_pvalue": 3.868968250757127e-17,
      "mean_difference": 0.36693723841761483,
      "drift_detected": true
    },
    "Sub_metering_3": {
      "ks_statistic": 0.03548277038553395,
      "ks_pvalue": 0.37898206710737653,
      "mw_statistic": 946990.0,
      "mw_pvalue": 0.4380905417703731,
      "mean_difference": 0.03176496289106588,
      "drift_detected": false
    },
    "Global_active_power_lag_3h": {
      "ks_statistic": 0.1782649226165051,
      "ks_pvalue": 2.0765282116348235e-18,
      "mw_statistic": 718049.0,
      "mw_pvalue": 9.070385248066831e-24,
      "mean_difference": 0.4285079354838589,
      "drift_detected": true
    },
    "Voltage": {
      "ks_statistic": 0.029518828058468127,
      "ks_pvalue": 0.6128940262216251,
      "mw_statistic": 918899.0,
      "mw_pvalue": 0.5802857758348057,
      "mean_difference": 0.015225677577074787,
      "drift_detected": false
    },
    "Global_reactive_power": {
      "ks_statistic": 0.03690928091511591,
      "ks_pvalue": 0.33203084733587734,
      "mw_statistic": 912121.0,
      "mw_pvalue": 0.38238947869624706,
      "mean_difference": 0.033976983976558524,
      "drift_detected": false
    },
    "Global_active_power_lag_1h": {
      "ks_statistic": 0.1767164467798741,
      "ks_pvalue": 4.26134744604522e-18,
      "mw_statistic": 719079.0,
      "mw_pvalue": 1.4852712639042364e-23,
      "mean_difference": 0.4260654810988107,
      "drift_detected": true
    },
    "is_weekend": {
      "ks_statistic": 0.01167643195061211,
      "ks_pvalue": 0.999985816032831,
      "mw_statistic": 941458.5,
      "mw_pvalue": 0.5167516002685026,
      "mean_difference": 0.02541659580464242,
      "drift_detected": false
    },
    "day_of_week": {
      "ks_statistic": 0.027434134704502778,
      "ks_pvalue": 0.7021109225789935,
      "mw_statistic": 951876.0,
      "mw_pvalue": 0.3091752502229863,
      "mean_difference": 0.040352750594298416,
      "drift_detected": false
    },
    "is_night": {
      "ks_statistic": 0.005357339544430027,
      "ks_pvalue": 1.0,
      "mw_statistic": 935578.0,
      "mw_pvalue": 0.7786131149926605,
      "mean_difference": 0.011052042669348814,
      "drift_detected": false
    },
    "Global_active_power_rolling_std_24h": {
      "ks_statistic": 0.3952487259461042,
      "ks_pvalue": 1.0541462112232472e-90,
      "mw_statistic": 610720.0,
      "mw_pvalue": 1.0765848597202796e-51,
      "mean_difference": 0.41986705527408064,
      "drift_detected": true
    },
    "quarter": {
      "ks_statistic": 1.0,
      "ks_pvalue": 0.0,
      "mw_statistic": 0.0,
      "mw_pvalue": 0.0,
      "mean_difference": 0.0,
      "drift_detected": true
    },
    "Sub_metering_2": {
      "ks_statistic": 0.019242042032361104,
      "ks_pvalue": 0.9656853993957355,
      "mw_statistic": 934815.0,
      "mw_pvalue": 0.8417462503058601,
      "mean_difference": 0.007310245655102811,
      "drift_detected": false
    },
    "hour": {
      "ks_statistic": 0.004360125403976499,
      "ks_pvalue": 1.0,
      "mw_statistic": 927157.0,
      "mw_pvalue": 0.8708460485718944,
      "mean_difference": 0.006369313229445014,
      "drift_detected": false
    },
    "Global_active_power_rolling_mean_168h": {
      "ks_statistic": 0.9321566636309663,
      "ks_pvalue": 0.0,
      "mw_statistic": 79930.0,
      "mw_pvalue": 0.0,
      "mean_difference": 10.872702496218418,
      "drift_detected": true
    },
    "is_work_hours": {
      "ks_statistic": 0.004458449858557854,
      "ks_pvalue": 1.0,
      "mw_statistic": 926443.5,
      "mw_pvalue": 0.8149879824534322,
      "mean_difference": 0.009215690586251667,
      "drift_detected": false
    },
    "target": {
      "ks_statistic": 0.17512767403562784,
      "ks_pvalue": 8.815971761411017e-18,
      "mw_statistic": 727559.0,
      "mw_pvalue": 7.87711513143965e-22,
      "mean_difference": 0.4090128142340196,
      "drift_detected": true
    },
    "Global_active_power_rolling_mean_24h": {
      "ks_statistic": 0.6252521914801591,
      "ks_pvalue": 9.7926776923895e-238,
      "mw_statistic": 467033.0,
      "mw_pvalue": 1.6054896833336414e-106,
      "mean_difference": 0.756216108372186,
      "drift_detected": true
    },
    "day_cos": {
      "ks_statistic": 0.017906333867938974,
      "ks_pvalue": 0.9827431352993641,
      "mw_statistic": 911997.0,
      "mw_pvalue": 0.3742638582273127,
      "mean_difference": 0.022779228074476365,
      "drift_detected": false
    },
    "Sub_metering_1": {
      "ks_statistic": 0.029464561556212843,
      "ks_pvalue": 0.6152144238070217,
      "mw_statistic": 938550.0,
      "mw_pvalue": 0.7067011768710294,
      "mean_difference": 0.014596155806237802,
      "drift_detected": false
    },
    "hour_cos": {
      "ks_statistic": 0.005796844483487671,
      "ks_pvalue": 1.0,
      "mw_statistic": 936886.0,
      "mw_pvalue": 0.7657119653235372,
      "mean_difference": 0.01142653659559981,
      "drift_detected": false
    },
    "day_sin": {
      "ks_statistic": 0.027434134704502778,
      "ks_pvalue": 0.7021109225789935,
      "mw_statistic": 905088.0,
      "mw_pvalue": 0.22297937832052062,
      "mean_difference": 0.049910247073226985,
      "drift_detected": false
    }
  },
  "drift_detected_features": 13,
  "total_features": 27
}